[
  {
    "name": "lista-contatos",
    "titulo": "Contatos",
    "objetivo": "Apresenta todos os contatos cadastratos"
  },
  {
    "name": "contatos-por-etiquetas",
    "titulo": "Contatos por Etiqueta",
    "objetivo": "Apresenta os contatos que foram sinalizados com a etiqueta filtrada."
  },
  {
    "name": "contatos-por-estado",
    "titulo": "Contatos por Estado",
    "objetivo": "Apresenta os contatos separados por estado (considera o DDD)."
  },
  {
    "name": "contatos-por-kanban",
    "titulo": "Contatos por Kanban",
    "objetivo": "Apresenta os contatos separados por Kanban."
  },
  {
    "name": "contatos-por-carteira",
    "titulo": "Contatos por Carteira",
    "objetivo": "Apresenta os contatos separados por Carteira."
  }
]
